{
  "schedule": "flat+gaussian+flat",
  "mode": "generate",
  "n_silos": 3,
  "n_rounds": 20,
  "schedule_values": [
    [
      8,
      8,
      8,
      8,
      8,
      8,
      8,
      8,
      8,
      8,
      8,
      8,
      8,
      8,
      8,
      8,
      8,
      8,
      8,
      8
    ],
    [
      1,
      2,
      2,
      5,
      6,
      9,
      11,
      13,
      15,
      16,
      16,
      15,
      13,
      11,
      9,
      6,
      5,
      2,
      2,
      1
    ],
    [
      8,
      8,
      8,
      8,
      8,
      8,
      8,
      8,
      8,
      8,
      8,
      8,
      8,
      8,
      8,
      8,
      8,
      8,
      8,
      8
    ]
  ],
  "final_diag_acc": 0.9583333333333334,
  "final_triage_acc": 0.9583333333333334,
  "wall_seconds": 138.73680901527405
}