{
  "schedule": "burst",
  "mode": "generate",
  "n_silos": 3,
  "n_rounds": 20,
  "schedule_values": [
    [
      30,
      24,
      20,
      16,
      13,
      11,
      9,
      7,
      6,
      5,
      4,
      3,
      3,
      2,
      2,
      1,
      2,
      1,
      0,
      1
    ],
    [
      30,
      24,
      20,
      16,
      13,
      11,
      9,
      7,
      6,
      5,
      4,
      3,
      3,
      2,
      2,
      1,
      2,
      1,
      0,
      1
    ],
    [
      30,
      24,
      20,
      16,
      13,
      11,
      9,
      7,
      6,
      5,
      4,
      3,
      3,
      2,
      2,
      1,
      2,
      1,
      0,
      1
    ]
  ],
  "final_diag_acc": 0.8833333333333333,
  "final_triage_acc": 0.8833333333333333,
  "wall_seconds": 3307.3644003868103
}