{
  "schedule": "gaussian",
  "mode": "generate",
  "n_silos": 3,
  "n_rounds": 20,
  "schedule_values": [
    [
      1,
      2,
      2,
      5,
      6,
      9,
      11,
      13,
      15,
      16,
      16,
      15,
      13,
      11,
      9,
      6,
      5,
      2,
      2,
      1
    ],
    [
      1,
      2,
      2,
      5,
      6,
      9,
      11,
      13,
      15,
      16,
      16,
      15,
      13,
      11,
      9,
      6,
      5,
      2,
      2,
      1
    ],
    [
      1,
      2,
      2,
      5,
      6,
      9,
      11,
      13,
      15,
      16,
      16,
      15,
      13,
      11,
      9,
      6,
      5,
      2,
      2,
      1
    ]
  ],
  "final_diag_acc": 0.9083333333333332,
  "final_triage_acc": 0.9083333333333332,
  "wall_seconds": 362.1673276424408
}