{
  "schedule": "burst+flat+ramp",
  "mode": "generate",
  "n_silos": 3,
  "n_rounds": 20,
  "schedule_values": [
    [
      30,
      24,
      20,
      16,
      13,
      11,
      9,
      7,
      6,
      5,
      4,
      3,
      3,
      2,
      2,
      1,
      2,
      1,
      0,
      1
    ],
    [
      8,
      8,
      8,
      8,
      8,
      8,
      8,
      8,
      8,
      8,
      8,
      8,
      8,
      8,
      8,
      8,
      8,
      8,
      8,
      8
    ],
    [
      1,
      1,
      3,
      3,
      3,
      5,
      5,
      6,
      7,
      8,
      8,
      9,
      10,
      11,
      11,
      13,
      13,
      13,
      15,
      15
    ]
  ],
  "final_diag_acc": 0.8666666666666667,
  "final_triage_acc": 0.8666666666666667,
  "wall_seconds": 141.07569909095764
}