{
  "template/gaussian/iid": {
    "mean": 0.8777777777777778,
    "std": 0.007856742013183886,
    "n": 3
  },
  "template/gaussian/noniid": {
    "mean": 0.9333333333333332,
    "std": 0.013608276348795386,
    "n": 3
  }
}