{
  "schedule": "ramp",
  "mode": "generate",
  "n_silos": 3,
  "n_rounds": 20,
  "schedule_values": [
    [
      1,
      1,
      3,
      3,
      3,
      5,
      5,
      6,
      7,
      8,
      8,
      9,
      10,
      11,
      11,
      13,
      13,
      13,
      15,
      15
    ],
    [
      1,
      1,
      3,
      3,
      3,
      5,
      5,
      6,
      7,
      8,
      8,
      9,
      10,
      11,
      11,
      13,
      13,
      13,
      15,
      15
    ],
    [
      1,
      1,
      3,
      3,
      3,
      5,
      5,
      6,
      7,
      8,
      8,
      9,
      10,
      11,
      11,
      13,
      13,
      13,
      15,
      15
    ]
  ],
  "final_diag_acc": 0.8666666666666667,
  "final_triage_acc": 0.8666666666666667,
  "wall_seconds": 2299.71519613266
}