{
  "schedule": "parabola",
  "mode": "generate",
  "n_silos": 3,
  "n_rounds": 20,
  "schedule_values": [
    [
      22,
      17,
      13,
      10,
      8,
      5,
      3,
      1,
      1,
      0,
      0,
      1,
      1,
      3,
      5,
      8,
      10,
      13,
      17,
      22
    ],
    [
      22,
      17,
      13,
      10,
      8,
      5,
      3,
      1,
      1,
      0,
      0,
      1,
      1,
      3,
      5,
      8,
      10,
      13,
      17,
      22
    ],
    [
      22,
      17,
      13,
      10,
      8,
      5,
      3,
      1,
      1,
      0,
      0,
      1,
      1,
      3,
      5,
      8,
      10,
      13,
      17,
      22
    ]
  ],
  "final_diag_acc": 0.8250000000000001,
  "final_triage_acc": 0.8250000000000001,
  "wall_seconds": 341.57909512519836
}