{
  "schedule": "gaussian@3+gaussian@10+gaussian@17",
  "mode": "generate",
  "n_silos": 3,
  "n_rounds": 20,
  "schedule_values": [
    [
      15,
      17,
      19,
      20,
      19,
      18,
      14,
      12,
      9,
      7,
      4,
      3,
      1,
      1,
      1,
      0,
      0,
      0,
      0,
      0
    ],
    [
      1,
      1,
      2,
      4,
      5,
      7,
      10,
      12,
      15,
      15,
      16,
      16,
      14,
      13,
      9,
      8,
      5,
      4,
      2,
      1
    ],
    [
      0,
      0,
      0,
      0,
      0,
      0,
      1,
      1,
      2,
      3,
      4,
      7,
      10,
      13,
      17,
      19,
      21,
      22,
      21,
      19
    ]
  ],
  "final_diag_acc": 0.8333333333333334,
  "final_triage_acc": 0.8333333333333334,
  "wall_seconds": 120.14780068397522
}