{
  "gaussian/iid": {
    "mean": 0.4083333333333334,
    "std": 0.04461771778946943,
    "n": 3
  },
  "gaussian/noniid": {
    "mean": 0.4916666666666667,
    "std": 0.013608276348795408,
    "n": 3
  }
}