{
  "schedule": "ramp+gaussian+burst",
  "mode": "generate",
  "n_silos": 3,
  "n_rounds": 20,
  "schedule_values": [
    [
      1,
      1,
      3,
      3,
      3,
      5,
      5,
      6,
      7,
      8,
      8,
      9,
      10,
      11,
      11,
      13,
      13,
      13,
      15,
      15
    ],
    [
      1,
      2,
      2,
      5,
      6,
      9,
      11,
      13,
      15,
      16,
      16,
      15,
      13,
      11,
      9,
      6,
      5,
      2,
      2,
      1
    ],
    [
      30,
      24,
      20,
      16,
      13,
      11,
      9,
      7,
      6,
      5,
      4,
      3,
      3,
      2,
      2,
      1,
      2,
      1,
      0,
      1
    ]
  ],
  "final_diag_acc": 0.8916666666666666,
  "final_triage_acc": 0.8916666666666666,
  "wall_seconds": 165.68236994743347
}